complex_name,DCC
cathepsin-(O-Bzl)-1-1,1.648640443
cathepsin-(O-Bzl)-1-2,1.674476838
cathepsin-(O-Bzl)-1-3,2.206353293
cathepsin-(O-Bzl)-1-4,0.554075906
cathepsin-(O-Bzl)-1-5,3.683946098
cathepsin-(O-Bzl)-1-6,0.617346646
cathepsin-(O-Bzl)-1-7,1.939052765
cathepsin-(O-Bzl)-1-8,4.617857366
cathepsin-(O-Bzl)-1-9,1.199159668
cathepsin-(O-Bzl)-2-1,0.703921806
cathepsin-(O-Bzl)-2-2,0.925251114
cathepsin-(O-Bzl)-2-3,2.709500939
cathepsin-(O-Bzl)-2-4,1.224184076
cathepsin-(O-Bzl)-2-5,0.887613781
cathepsin-(O-Bzl)-2-6,2.369812734
cathepsin-(O-Bzl)-2-7,4.252988606
cathepsin-(O-Bzl)-2-8,2.241970803
cathepsin-(O-Bzl)-2-9,3.934560298
cathepsin-(O-Bzl)-3-1,0.697211688
cathepsin-(O-Bzl)-3-2,1.054008035
cathepsin-(O-Bzl)-3-3,2.490463662
cathepsin-(O-Bzl)-3-4,4.332705489
cathepsin-(O-Bzl)-3-5,2.024267796
cathepsin-(O-Bzl)-3-6,3.076237943
cathepsin-(O-Bzl)-3-7,0.781370734
cathepsin-(O-Bzl)-3-8,0.879565247
cathepsin-(O-Bzl)-3-9,0.432495312
cathepsin-(O-Bzl)-4-1,0.731833623
cathepsin-(O-Bzl)-4-2,1.190365716
cathepsin-(O-Bzl)-4-3,2.2144308
cathepsin-(O-Bzl)-4-4,5.297426302
cathepsin-(O-Bzl)-4-5,2.43549024
cathepsin-(O-Bzl)-4-6,0.666841678
cathepsin-(O-Bzl)-4-7,0.512759365
cathepsin-(O-Bzl)-4-8,4.400104683
cathepsin-(O-Bzl)-4-9,0.886653094
cathepsin-(O-Bzl)-5-1,1.696092415
cathepsin-(O-Bzl)-5-2,2.395087835
cathepsin-(O-Bzl)-5-3,0.917356635
cathepsin-(O-Bzl)-5-4,0.626698671
cathepsin-(O-Bzl)-5-5,0.764353094
cathepsin-(O-Bzl)-5-6,1.289298213
cathepsin-(O-Bzl)-5-7,0.559926419
cathepsin-(O-Bzl)-5-8,1.021380506
cathepsin-(O-Bzl)-5-9,4.893393733
